{
  "width": 12.437744140625,
  "depth": 14.650162696838379,
  "height": 6.753078460693359
}