{
  "width": 2.516990900039673,
  "depth": 2.6446971893310547,
  "height": 2.4332776069641113
}